Apple 아이폰 13 256GB [자급제],판매중단,https://cr.shopping.naver.com/adcr.nhn?x=hPs0xC0RJLnA75xREitRFP%2F%2F%2Fw%3D%3DsiZWTFn5mfPeLNhAJkQf8tbpQ1Q4D7%2BVlwz0a5mnNpLxhJz9H0Ub4KLvuVTVtNMxMxAUT4xChn3SEugwEg6u6m9oq3ZaM1LHcsdXH87aDvUchRKdpMBm6Gsber4Z%2BEx0DrXNnHViVAMzBi7CVtdRPH8i30QtKP1mA7BYZPpxeJLexWvZfe2todmJfmpbNrXnqXKJBKazWTMr3TF%2BX7oeAGbix7jXt7MNVc9AIu4EfDZlNEwRr%2B3STfYHGn%2FB5b3e4LEfToe3vVBSxIS%2BnQY0%2FBOODA%2FD2h1d5V2%2FYRjFMBtYQhkkHXK4%2FmSRy5icYE%2F27ZC%2BSXUxwyLUckntucAABtRY%2FYnvYwSVa5%2BbIZGJEwL86JIeyjRJJG8AQSjlBThBKRuaDR2LrEXFDwvTptY5wkd42zEVOHkRt1m9hvixzMvciNvEAyH7XT6ObGe95mRdUsw%2FEBFoDxdMAZ4HSpGP%2F1sbbTrOhMmQpEkp4UEtzKmSE4FQdvRmo7oxOSvwywmch%2BPn%2F0%2FsFFiwjT7S5BsR0E2kBqENm4brsuZ1VppozJYYRpOFzCbaM6OU97uoPifjr%2FAcDtRV%2BLJd%2FPIH2q7CRC5S3yMi4fucqUWPap05bVKbHICEQpPL7Rm%2B2fyhjEhHR&nvMid=29029192591&catId=50001519
Apple 아이폰 13 프로 256GB [자급제],판매중단,https://cr.shopping.naver.com/adcr.nhn?x=%2BgvwnDDkTV2jVcu5f1MKLf%2F%2F%2Fw%3D%3Dsa5NuHHdrsSxxLODNnZcU%2FXIN0Ejz7F3D6m4OnECupTEbsBKbbjTB%2BBCjsLv6tz%2BjJTi9iwTabORNJPb2TUubPJEFIt8NQitbi0xqi9JL%2BeY2c0a3OBBJh%2FgYclMWFcg0A2go7ak52J%2FlzXR0Gh8R90gAn8lD2%2BxrgblrBqYwPdWug%2B9sjA7rHdeMLkY%2BwIMUBoJ3D2%2FUDVKv9Br5lu%2FNPDQZD6UDT51Dg8nNb9lI8fV%2BFLPJmN7kd5F0maTGsL0cuqm08Uyqeut8JjL0LPsrNTaSqNdQ1NN6K2cfJ7NkWomk6v2w9jBqMGR4TTsgYaQnlII%2ByYYqWVu3SSXxcjEJdE7VgzS%2FCHeDqJZULxAiXaBqLzcRVswO%2FNXTrA15l4GNbF4OZVL2Q%2FcwuxYvViSTh0E9aMCpk%2FCUyAqM9nV%2BMhucPfwzF9ktWcxdrcTtO8KUh7eRXhvx%2B18MP%2FzLgC0qJXTg%2FsEJVpHzqP6kybO7iXl1I8EDCh5n2RBrPUf%2BYM4BX8a%2FHvPOPEuDd1Ce%2FzZYNfQjfdVLKsO%2Bcp43QfUiJ1lFMoTIkiRHIhjyzdn7Y%2FUXfv4pYkwV6e5PPw6oe0n9AF4oOCgcizkPIvYF5sTAf%2FpXc50eBITwugSNPH3Ok09sVpGw61BSdoQRvEGgfFlc5w%3D%3D&nvMid=29030492586&catId=50001519
Apple 아이폰 13 프로 128GB [자급제],판매중단,https://cr.shopping.naver.com/adcr.nhn?x=%2BLc8iAgCVkY3s2UqnEX9xP%2F%2F%2Fw%3D%3DsKddYQWFk3Yo%2FruIoGyJC9XnWpOJyVLr7IPu%2FMHQ%2FUyRhJz9H0Ub4KLvuVTVtNMxMzIxGandc55Cp92erbzRC59oq3ZaM1LHcsdXH87aDvUchRKdpMBm6Gsber4Z%2BEx0DrXNnHViVAMzBi7CVtdRPH8i30QtKP1mA7BYZPpxeJLexWvZfe2todmJfmpbNrXnquNUGE%2F8E2Wl6h%2B8WEwxe9bix7jXt7MNVc9AIu4EfDZlNEwRr%2B3STfYHGn%2FB5b3e4LEfToe3vVBSxIS%2BnQY0%2FBOODA%2FD2h1d5V2%2FYRjFMBtYQhkkHXK4%2FmSRy5icYE%2F27BW36r4QZshREfg%2B3vq7RNrafH3R7l3VLpU8RA7ieHRE6JIeyjRJJG8AQSjlBThBKRuaDR2LrEXFDwvTptY5wkfr86rd8M1jdgUjH1e%2FsDI8iNvEAyH7XT6ObGe95mRdUsw%2FEBFoDxdMAZ4HSpGP%2F1ik8f%2FiWvMO27Psyw5wH0mki5HSrzhhCOMWuXdZxvGXvk9L6rt0SOVsUsc5EylGdlcz9s5HLf2gQWK9zYWNbxuK%2BZ2p8tRp3sPAFu2rb0wbb27A%2Fy9Wcz7EU72Pz6EEGPUCcEPavWBxa2oGf5r9cRCrHICEQpPL7Rm%2B2fyhjEhHR&nvMid=29030420587&catId=50001519
Apple 아이폰 13 미니 128GB [자급제],판매중단,https://cr.shopping.naver.com/adcr.nhn?x=CzvFxKuR66RAnUvTgMBhjv%2F%2F%2Fw%3D%3DsrfW43k1EOE1WFheL4qAyo9eRER6N3X5wiRptIyGSyb1hJz9H0Ub4KLvuVTVtNMxMr5H4nyV5La4onQ06Ss4X09oq3ZaM1LHcsdXH87aDvUchRKdpMBm6Gsber4Z%2BEx0DrXNnHViVAMzBi7CVtdRPH8i30QtKP1mA7BYZPpxeJLexWvZfe2todmJfmpbNrXnq2drsUEzev9hA0cDt%2BuxFM7ix7jXt7MNVc9AIu4EfDZlNEwRr%2B3STfYHGn%2FB5b3e4LEfToe3vVBSxIS%2BnQY0%2FBOODA%2FD2h1d5V2%2FYRjFMBtYQhkkHXK4%2FmSRy5icYE%2F27BW36r4QZshREfg%2B3vq7RNustAS6ozoEkHp5YksmAb146JIeyjRJJG8AQSjlBThBKRuaDR2LrEXFDwvTptY5wkcYqO5oldvJYwA5gmzBmIm8iNvEAyH7XT6ObGe95mRdUsw%2FEBFoDxdMAZ4HSpGP%2F1rj13FcqfSWDfp5diy8RVZgi5HSrzhhCOMWuXdZxvGXvk9L6rt0SOVsUsc5EylGdldt3iZQ6LtGtByFMRTYmP7vvW2q1ZBpuV%2F%2FvtKUgTGHn4nsDwEYKXwYpA24uUoxbNrxtAT3ygsJjU4zjpf2eafXNjqh%2FZemCCOboDhnweAmG&nvMid=29030650586&catId=50001519
Apple 아이폰 13 128GB [자급제],판매중단,https://cr.shopping.naver.com/adcr.nhn?x=aoGlqO9b2oLN7bKjuMh%2BWv%2F%2F%2Fw%3D%3DsFQ19RnssVkoOrX2moHYTea3ws%2BNCQGiiRjhgVJ22MrIbsBKbbjTB%2BBCjsLv6tz%2Bj4zda7iPg3c8yBwsH9GRENDMgciIidRuXRYxpARfvCTk2c0a3OBBJh%2FgYclMWFcg0A2go7ak52J%2FlzXR0Gh8R90gAn8lD2%2BxrgblrBqYwPdWug%2B9sjA7rHdeMLkY%2BwIMUMRx4KxbEWu5oJE2qAkkLfzQZD6UDT51Dg8nNb9lI8fV%2BFLPJmN7kd5F0maTGsL0cuqm08Uyqeut8JjL0LPsrNTaSqNdQ1NN6K2cfJ7NkWomk6v2w9jBqMGR4TTsgYaQnlII%2ByYYqWVu3SSXxcjEJdCTS2hWySgNNtQLVe%2F38WONqLzcRVswO%2FNXTrA15l4GNbF4OZVL2Q%2FcwuxYvViSTh90ZSBhE17JBT25ZWZRY%2FKGcPfwzF9ktWcxdrcTtO8KUh7eRXhvx%2B18MP%2FzLgC0qJdAg7C6WNSwBfl6I6g1ROlIlDv77rgQoH8LCOsgmhGGjhejKyKKQJPosYkFFU2iKXh5dxBoeMxXThaJ74Jm2OpMNauEcRynSn%2F8orOK7nc90U7UZ5mJK7fANQFN1Cv2gCQ79%2FfxCK7Ob8oA9PH7O0yKFbDf4gHI5rSMJU1BWcIOg&nvMid=29030374587&catId=50001519
Apple 아이폰 13 미니 256GB [자급제],판매중단,https://cr.shopping.naver.com/adcr.nhn?x=iqA9e9upR%2Bn%2BGMWAOf1A3f%2F%2F%2Fw%3D%3Dsmgxc9S9FgzI%2BzxN%2F90hL6cVf51U2qX53l%2F%2Bq644Q%2Fn1hJz9H0Ub4KLvuVTVtNMxMqVw5BmTw0EsPsN7vh%2FBNA9oq3ZaM1LHcsdXH87aDvUchRKdpMBm6Gsber4Z%2BEx0DrXNnHViVAMzBi7CVtdRPH8i30QtKP1mA7BYZPpxeJLexWvZfe2todmJfmpbNrXnq057%2FmlbCMWUqQYtn8CmoI7ix7jXt7MNVc9AIu4EfDZlNEwRr%2B3STfYHGn%2FB5b3e4LEfToe3vVBSxIS%2BnQY0%2FBOODA%2FD2h1d5V2%2FYRjFMBtYQhkkHXK4%2FmSRy5icYE%2F27BW36r4QZshREfg%2B3vq7RNlLSyJJs5oUokJuQ8Pn0ubI6JIeyjRJJG8AQSjlBThBKRuaDR2LrEXFDwvTptY5wkW%2F%2BLA6NpGe0c8RBIr5JuBoiNvEAyH7XT6ObGe95mRdUsw%2FEBFoDxdMAZ4HSpGP%2F1jX5Qwkr%2BtGcg13ksRWU0xoi5HSrzhhCOMWuXdZxvGXvk9L6rt0SOVsUsc5EylGdlWLZ77mmYbRabVoA647vE%2FZXKdJT5slM4jN5XqMlSjVzVbX%2BbO9eE5nQRgY3VKHCdjgaDRpx1kVbWKV%2FyVg1hAPHICEQpPL7Rm%2B2fyhjEhHR&nvMid=29030437590&catId=50001519
Apple 아이폰 13 프로 맥스 256GB [자급제],판매중단,https://cr.shopping.naver.com/adcr.nhn?x=drzA7nMotEyRl1QbeKV3yv%2F%2F%2Fw%3D%3DsXz3zS9AUUFBuK7WYkdhjxL5zg1yAzfGY%2FOwCYMZNbu8bsBKbbjTB%2BBCjsLv6tz%2BjxGHtbG%2BrJca4zNDXtO4E2LLcCoPOc1klC8TPgrrBVYo2c0a3OBBJh%2FgYclMWFcg0A2go7ak52J%2FlzXR0Gh8R90gAn8lD2%2BxrgblrBqYwPdWug%2B9sjA7rHdeMLkY%2BwIMUBSRNe5ZyGuyhkwLhP0AEuzQZD6UDT51Dg8nNb9lI8fV%2BFLPJmN7kd5F0maTGsL0cuqm08Uyqeut8JjL0LPsrNTaSqNdQ1NN6K2cfJ7NkWomk6v2w9jBqMGR4TTsgYaQnlII%2ByYYqWVu3SSXxcjEJdMqvJz6gz4OSEFiUzB1NMIpqLzcRVswO%2FNXTrA15l4GNbF4OZVL2Q%2FcwuxYvViSTh9qRdXt9Z1hRtoZeLktW3AOcPfwzF9ktWcxdrcTtO8KUh7eRXhvx%2B18MP%2FzLgC0qJVOBpL3kKBeNwNuOk45o3IXuY50xg6ShjmxU8oRUZBg0y%2F5xiDZEmKfndsQAGO1A525LxeFpQ1oUKGyXcFhzU7%2Fd1skCgOQG5LCVmXEPm0DnYnHIcETcJifOE8sb44IMxVTVTiqeFBNhcanZZmmp368YjGly8rry7MtZ8xiBbApwgqgOvq6z5EpEI5N2xav1Mg%3D%3D&nvMid=29030294588&catId=50001519
Apple 아이폰 13 프로 512GB [자급제],판매중단,https://cr.shopping.naver.com/adcr.nhn?x=pV8EP3SywyBR13nt9tUdkv%2F%2F%2Fw%3D%3DsIhLH4YIjlNIwYuLwRkZfuE0gVS8n2OiMjRGg5TOxfyVWQE1WikGGRjsm7ORTamZ7Wb5BaP8YZ8OuxR8%2Bm%2BEhahy6AW19V7esyMpxLfxnqVIutENu4JgcpWJIhhsVbRz5Pp804RN%2BdXzVgFyqw1PdgkPg%2F6PYJW9LpCSumzPJoiiI9aZyW4hhCgmcrsQhWGWGidrGyrdYG9xYKiUSnB31wfKAXVfyDB1yTbVYYpYzcFnUHxlEatbmVq7jmztE%2FywsHmsgO3xTTuuOuD8DdaNP1xzzON9aTM%2Fdo2I2z9yt2AkHs%2F2PHkpmvWjL2qy1nHub1sbZh%2BjhGdgZISdnA%2BkKiUzvD0TADWQcKO%2FbqQgTknpKjRp2D9pkBhcJdqPQCXkTMM1plBQtkhaEWAH4rmffCKPHigOo5xnKft8ZmnUA%2Be4LSv5SYzis5SVdiBAX6a8RKlG0H56J6GhRAoCVIyo%2FGQ4xrz0M7tNFmv3r6OCk%2BJWZZd0C6e2Zyps4U6T5DErBvcQeIaAGIIQRnJcrzv7qxfKDCQkC8lYhox1VY%2F5B%2BMatqaMHAJkj0DAJXiYJNZCZ%2Bt9rtdcOOqjbgvTFvyHEoCtaLYrfHQXjjU1CIGbykFnLVWGr8fvvH1mWvUgXPK6j&nvMid=29030416587&catId=50001519
Apple 아이폰 13 프로 맥스 128GB [자급제],판매중단,https://cr.shopping.naver.com/adcr.nhn?x=xNUnfmyIrOpD0EFAaCvrKv%2F%2F%2Fw%3D%3DshmyWN1wI7XWN7TYPSKXx1pEhRLNqQCs0d0R8IFzz05kbsBKbbjTB%2BBCjsLv6tz%2BjudNC1asoVYngh0VsTH4ndz40b6O8qZqXtk1NuPQMX7I2c0a3OBBJh%2FgYclMWFcg0A2go7ak52J%2FlzXR0Gh8R90gAn8lD2%2BxrgblrBqYwPdWug%2B9sjA7rHdeMLkY%2BwIMUnr7qtY8dVn8btdAmR5NIrzQZD6UDT51Dg8nNb9lI8fV%2BFLPJmN7kd5F0maTGsL0cuqm08Uyqeut8JjL0LPsrNTaSqNdQ1NN6K2cfJ7NkWomk6v2w9jBqMGR4TTsgYaQnlII%2ByYYqWVu3SSXxcjEJdK9Wa6VYPWhnUdYcdzSSiyBqLzcRVswO%2FNXTrA15l4GNbF4OZVL2Q%2FcwuxYvViSTh%2Brtiy45jQlsFks%2B8iiFnR%2BcPfwzF9ktWcxdrcTtO8KUh7eRXhvx%2B18MP%2FzLgC0qJVOBpL3kKBeNwNuOk45o3IVBtWA3bgrCJTVPNVLYJDvay%2F5xiDZEmKfndsQAGO1A54Q%2FCbBHICgrp5QAK1QkJRacFcORaqAkpbERTvkN4HOSYnHIcETcJifOE8sb44IMxfDb8drBsbBJAY5uHXmEZgC6wK0KeVgj8j38S0lId3bngqgOvq6z5EpEI5N2xav1Mg%3D%3D&nvMid=29030367587&catId=50001519
Apple 아이폰 13 프로 맥스 512GB [자급제],판매중단,https://cr.shopping.naver.com/adcr.nhn?x=LC1C2PwvGp39zSLKY5H6U%2F%2F%2F%2Fw%3D%3DsUbzMHUfmnK1%2BuT5DolH4nirl%2Bj5q2ACwx8MYynIn4c9hJz9H0Ub4KLvuVTVtNMxMUsa57W4xucIn6GkcYaPMNNoq3ZaM1LHcsdXH87aDvUchRKdpMBm6Gsber4Z%2BEx0DrXNnHViVAMzBi7CVtdRPH8i30QtKP1mA7BYZPpxeJLexWvZfe2todmJfmpbNrXnqmD3tRrdK1cFWEMxpF2wcAbix7jXt7MNVc9AIu4EfDZlNEwRr%2B3STfYHGn%2FB5b3e4LEfToe3vVBSxIS%2BnQY0%2FBOODA%2FD2h1d5V2%2FYRjFMBtYQhkkHXK4%2FmSRy5icYE%2F27ZC%2BSXUxwyLUckntucAABtUdVjU995Hxh9miaKKbSkmc6JIeyjRJJG8AQSjlBThBKRuaDR2LrEXFDwvTptY5wkcumofbXYj946r2GYPS3uK4iNvEAyH7XT6ObGe95mRdUsw%2FEBFoDxdMAZ4HSpGP%2F1ooxK4oNyEnYnImnO7rEtZEWD%2BrNa4qE%2Bx%2FvqVwvK7Ta8jR8gVF8FlQ9pItE8Zzc8kDcOTltB%2BSxWBB9IUfXZmohXud5YPiS3ykTErScAoXTjr%2Fvhuz%2FM2bOeEg7k3nONXGODjEtPOt355CreThFRsCBAI%2F9sQRO2Am9a%2BRTB%2Fq9QdAiJdwXirBRdnaxfvrBbw%3D%3D&nvMid=29029192586&catId=50001519
Apple 아이폰 13 미니 512GB [자급제],판매중단,https://cr.shopping.naver.com/adcr.nhn?x=IxRaK0VCH8F1KxDAYWLkqP%2F%2F%2Fw%3D%3DsihpgkQPSniR43p3VcIMpC6MQMxK7lfhq4UybHUry2FAbsBKbbjTB%2BBCjsLv6tz%2BjhVjucD397TdU24v4mr8F2764Z9qKaMwpXO0Ni7ljx0M2c0a3OBBJh%2FgYclMWFcg0A2go7ak52J%2FlzXR0Gh8R90gAn8lD2%2BxrgblrBqYwPdWug%2B9sjA7rHdeMLkY%2BwIMUq27XJlSixqK%2BeCw1YH8CQTQZD6UDT51Dg8nNb9lI8fV%2BFLPJmN7kd5F0maTGsL0cuqm08Uyqeut8JjL0LPsrNTaSqNdQ1NN6K2cfJ7NkWomk6v2w9jBqMGR4TTsgYaQnlII%2ByYYqWVu3SSXxcjEJdMXJkaBnOce1Lw0e4M1UFEhqLzcRVswO%2FNXTrA15l4GNbF4OZVL2Q%2FcwuxYvViSThwz6Wd5BU%2BrjbH1NLe3osiecPfwzF9ktWcxdrcTtO8KUh7eRXhvx%2B18MP%2FzLgC0qJWnW31FRNxjRoXXkSj5PkWt1I8EDCh5n2RBrPUf%2BYM4BX8a%2FHvPOPEuDd1Ce%2FzZYNSL%2FShnBWLWemHRmG8Dw8xyB8fJl5Zn2ajkoeF7YJUB5MCx0oZ8VPc5NxzlDo0F4fcaE8M1DIM4G7rju3r9cXxYDfkLIyuldBS3f8m8e6nLmzUhNzs2VE%2B%2Bisqs3JAEppg%3D%3D&nvMid=29030296587&catId=50001519
Apple 아이폰 13 프로 맥스 1TB [자급제],판매중단,https://cr.shopping.naver.com/adcr.nhn?x=WgfiQ7UKOLQHYBT7ch4NzP%2F%2F%2Fw%3D%3DsGmLhlKYrEq%2Fx6Te25%2BsEKLXedi7ydZ2ytZq15wNnNtkbsBKbbjTB%2BBCjsLv6tz%2Bjteo94cMxzk06qT%2BMt0Q6v75j1EKhPP6hjo4R1caIjzY2c0a3OBBJh%2FgYclMWFcg0A2go7ak52J%2FlzXR0Gh8R90gAn8lD2%2BxrgblrBqYwPdWug%2B9sjA7rHdeMLkY%2BwIMU5fv1ZtJFi5q7TnE%2BfdMgLTQZD6UDT51Dg8nNb9lI8fV%2BFLPJmN7kd5F0maTGsL0cuqm08Uyqeut8JjL0LPsrNTaSqNdQ1NN6K2cfJ7NkWomk6v2w9jBqMGR4TTsgYaQnlII%2ByYYqWVu3SSXxcjEJdCHAQvMhIw%2F2Yunhxnjp%2FYdqLzcRVswO%2FNXTrA15l4GNbF4OZVL2Q%2FcwuxYvViSTh3mn79WLmzchFcSw%2FMHe0GGcPfwzF9ktWcxdrcTtO8KUh7eRXhvx%2B18MP%2FzLgC0qJVOBpL3kKBeNwNuOk45o3IWB7sRajgsOdjuZGOI1mNDro64ifB9DVeZ8ffla9GlFdvOw2kXrwLnRLwg0WtAWR1gtMWKUHGMwAbqNekkfBaV2Es8cFUTVf2EXpmSuc9bAhEvSmM9K%2F7CyATjSmr70BE8KQZbUxQc4%2BbD0xGW08hL%2BHRyPBWbUFRhWScTsgQynPg%3D%3D&nvMid=29029192590&catId=50001519
Apple 아이폰 13 프로 1TB [자급제],판매중단,https://cr.shopping.naver.com/adcr.nhn?x=lJIBi%2FQbWVpdz87ivQ8Xmv%2F%2F%2Fw%3D%3Ds5gDtcexxm48VOw%2Bo0SsGNuFspVPYqX0t88YZymX8XhRhJz9H0Ub4KLvuVTVtNMxMJ8bvim8UdaMkPjxgLTcz59oq3ZaM1LHcsdXH87aDvUchRKdpMBm6Gsber4Z%2BEx0DrXNnHViVAMzBi7CVtdRPH8i30QtKP1mA7BYZPpxeJLexWvZfe2todmJfmpbNrXnqM3WLqq0EN7lRPuVNhhc%2BTLix7jXt7MNVc9AIu4EfDZlNEwRr%2B3STfYHGn%2FB5b3e4LEfToe3vVBSxIS%2BnQY0%2FBOODA%2FD2h1d5V2%2FYRjFMBtYQhkkHXK4%2FmSRy5icYE%2F27ZC%2BSXUxwyLUckntucAABtRlrDpKpMA%2FgXIopxUggUhI6JIeyjRJJG8AQSjlBThBKRuaDR2LrEXFDwvTptY5wkVujK8JsjkX5vbThvszTSdkiNvEAyH7XT6ObGe95mRdUsw%2FEBFoDxdMAZ4HSpGP%2F1tWAoDzpqjivMYNewfUaVH5D%2FkFMO4s7sTx4sbc7XXXQvaOjGxMtdSZf0nL3LrxHbEqK%2B9%2FfATriFGBpUU13EutPwCXFJiRdosf3os3K%2FWn1sCcj6jZbyWxwIWoLxvzX9ZxQ5z1PQAyDZlPuxAktwhHNjqh%2FZemCCOboDhnweAmG&nvMid=29029192588&catId=50001519
Apple 아이폰 13 프로 128GB [LG U+],판매중단,https://cr.shopping.naver.com/adcr.nhn?x=TRgbng7Q8FFylcVVcd45o%2F%2F%2F%2Fw%3D%3DslCGvdUGdmBJEU4MPsxWMY8%2Bf%2B53JpkBxmD6iVz5UKGlWQE1WikGGRjsm7ORTamZ7bpfqaAPYcW%2F0FYSiG%2B2D0hy6AW19V7esyMpxLfxnqVIutENu4JgcpWJIhhsVbRz5Pp804RN%2BdXzVgFyqw1PdgkPg%2F6PYJW9LpCSumzPJoiiI9aZyW4hhCgmcrsQhWGWGApy8PrPjYBxKiSuGBOs3i%2FKAXVfyDB1yTbVYYpYzcFnUHxlEatbmVq7jmztE%2FywsHmsgO3xTTuuOuD8DdaNP1xzzON9aTM%2Fdo2I2z9yt2AkHs%2F2PHkpmvWjL2qy1nHubZkfJ5pFVb7HsDMdE74xS4DGOCE2L01e3%2Bllil1XqS4RKjRp2D9pkBhcJdqPQCXkT728voueL%2B8yYcdVUdj5NUaYPStBC%2FI0ntbZKRJafmeYLSv5SYzis5SVdiBAX6a8RKlG0H56J6GhRAoCVIyo%2FGe3m4fgGXDdbRBKJQ8iVChOE4FQdvRmo7oxOSvwywmchbhxLgQh%2BXNwZmORkwWTfuLhfe7mN3VuK9bLqRWe%2BsCISzxwVRNV%2FYRemZK5z1sCEZ6UfyVuri9KGWOvGMBueeB4BXQ33Dtu7GhlSG825%2FSsdHI8FZtQVGFZJxOyBDKc%2B&nvMid=29030175590&catId=50000248
Apple 아이폰 13 512GB [자급제],판매중단,https://cr.shopping.naver.com/adcr.nhn?x=IWo1soqWdpKUG%2FbDuv73qf%2F%2F%2Fw%3D%3Ds%2FzuuzSY%2FBfH3lLgYl8R7jNsY785PqM0CI76GfEeWQ8tWQE1WikGGRjsm7ORTamZ72il4zMDYJPeq%2BFg213gL%2BRy6AW19V7esyMpxLfxnqVIutENu4JgcpWJIhhsVbRz5Pp804RN%2BdXzVgFyqw1PdgkPg%2F6PYJW9LpCSumzPJoiiI9aZyW4hhCgmcrsQhWGWGqtvtxFCaSmTZmhdr9drUvvKAXVfyDB1yTbVYYpYzcFnUHxlEatbmVq7jmztE%2FywsHmsgO3xTTuuOuD8DdaNP1xzzON9aTM%2Fdo2I2z9yt2AkHs%2F2PHkpmvWjL2qy1nHubkYR%2BEJgPDvcDVozh5GDLsCxzvCt9nceBO%2F3p4yD1LOlKjRp2D9pkBhcJdqPQCXkTMM1plBQtkhaEWAH4rmffCJc2fRp53vU8KOS3e4g6wtALSv5SYzis5SVdiBAX6a8RV6t8HXqZa3NSP32GK7Hl5M%2FFIf4yGPCeFlgQd%2BW1h9K7A%2F0vSPti8cHY4o2fastwFFwWGfv9KvZGwQZiH8RfKrCHB7GEVJRC36ksQkP4bEr6C0XXk8ySaOQ0OaLzzIxFcw4yPVnhR42UanbrEMCXu%2FRRs2Tl2LVXyNQxua0eKL8GruH08DlKshetxY8KUEZb&nvMid=29030496586&catId=50001519
Apple 아이폰 13 미니 256GB [LG U+],판매중단,https://cr.shopping.naver.com/adcr.nhn?x=sxYa4bfAKVtZbQPITIjGQP%2F%2F%2Fw%3D%3DsT2097gtgkfrRdJtrEHnGJI3mH0KOD4jhJMiKarmtxBRhJz9H0Ub4KLvuVTVtNMxMWCZK60UfzdtTNkV%2Fe7G4T9oq3ZaM1LHcsdXH87aDvUchRKdpMBm6Gsber4Z%2BEx0DrXNnHViVAMzBi7CVtdRPH8i30QtKP1mA7BYZPpxeJLexWvZfe2todmJfmpbNrXnq7r8%2BMjx%2B1KQXJkem2XwtE7ix7jXt7MNVc9AIu4EfDZlNEwRr%2B3STfYHGn%2FB5b3e4LEfToe3vVBSxIS%2BnQY0%2FBOODA%2FD2h1d5V2%2FYRjFMBtYQhkkHXK4%2FmSRy5icYE%2F27ZC%2BSXUxwyLUckntucAABtdlZeqqGyNKsXhWS3Exbnr46JIeyjRJJG8AQSjlBThBK%2Fkpsg5AguUQPduruz0ll4a3%2Fx23xPmhbHRATBgnysoEiNvEAyH7XT6ObGe95mRdUsw%2FEBFoDxdMAZ4HSpGP%2F1rivoNgdpiF8zc9hyizKCS4OTnITeXUIiGAT3tHOc0GbTKo5CnlLrO%2BPacbML5XxEauN3aMLw2jmf9jBfQ2MboCIDf9TYDOC4LzgCehLsur5ES2tg9mzh8ESjMUmIY7yS3p5bAxfaaqXjVfTS%2FDRkyKFbDf4gHI5rSMJU1BWcIOg&nvMid=29030376589&catId=50000248
Apple 아이폰 13 128GB [LG U+],판매중단,https://cr.shopping.naver.com/adcr.nhn?x=eoSM5EJK5Z9yUP8yH8EPzv%2F%2F%2Fw%3D%3DswiNAJGQPxObiWJmzrsF2tpQk3EJrlHFDQW5hKxcFLFYbsBKbbjTB%2BBCjsLv6tz%2Bjs4LUs1lcdyYgfUqeoGMd802ggOgP6mBRRvJjnA3z4NE2c0a3OBBJh%2FgYclMWFcg0A2go7ak52J%2FlzXR0Gh8R90gAn8lD2%2BxrgblrBqYwPdWug%2B9sjA7rHdeMLkY%2BwIMUFmk%2BqOAYZ5fpO5tbZSUWBjQZD6UDT51Dg8nNb9lI8fV%2BFLPJmN7kd5F0maTGsL0cuqm08Uyqeut8JjL0LPsrNTaSqNdQ1NN6K2cfJ7NkWomk6v2w9jBqMGR4TTsgYaQnlII%2ByYYqWVu3SSXxcjEJdOcBQVxCF2owEmah0KCkDZRqLzcRVswO%2FNXTrA15l4GNYd6P7bKnf6IN9iERvhRLC%2B1%2BegWRMkn%2FU8kc%2FUgriKecPfwzF9ktWcxdrcTtO8KUh7eRXhvx%2B18MP%2FzLgC0qJVMHs527vJHdFHIIKW%2Bc742jriJ8H0NV5nx9%2BVr0aUV2SYMM9uRdBnQAiewpLktug6aZzsF6b6vfj%2BwlHSxi0nGOv%2B%2BG7P8zZs54SDuTec41A76Pif328BuiHWkZ2BEO%2FtWL0hG2wKZDwh%2BmfGtXRIdB0CIl3BeKsFF2drF%2B%2BsFv&nvMid=29030372586&catId=50000248
Apple 아이폰 13 미니 128GB [LG U+],판매중단,https://cr.shopping.naver.com/adcr.nhn?x=bKx80dSwgTbxg5xwphfAyv%2F%2F%2Fw%3D%3DsOI%2BbGi1AoZ0s8aQDm7HDlatAz5eq59fbIlmghK4kx7phJz9H0Ub4KLvuVTVtNMxMjAHMV6LbB3qqmsdFNAQGSdoq3ZaM1LHcsdXH87aDvUchRKdpMBm6Gsber4Z%2BEx0DrXNnHViVAMzBi7CVtdRPH8i30QtKP1mA7BYZPpxeJLexWvZfe2todmJfmpbNrXnq%2BhHtf9UPvVuecHCypfH0H7ix7jXt7MNVc9AIu4EfDZlNEwRr%2B3STfYHGn%2FB5b3e4LEfToe3vVBSxIS%2BnQY0%2FBOODA%2FD2h1d5V2%2FYRjFMBtYQhkkHXK4%2FmSRy5icYE%2F27BW36r4QZshREfg%2B3vq7RNqnJfwewqLRP7PvfNHyxNeI6JIeyjRJJG8AQSjlBThBK%2Fkpsg5AguUQPduruz0ll4S4K84suS6N23CTXtCISUyMiNvEAyH7XT6ObGe95mRdUsw%2FEBFoDxdMAZ4HSpGP%2F1hwOndwKexWj5cBEbwvYNscOTnITeXUIiGAT3tHOc0GbTKo5CnlLrO%2BPacbML5XxEX%2FMspE02JRAXtIG5pgR7pdicchwRNwmJ84TyxvjggzFst52MUBseFCK79sAK1FYLfXJoynKBPEUVY0%2BbFVbKrcOEsHC78VBLnFZh%2FnDobeN&nvMid=29030431586&catId=50000248
Apple 아이폰 13 프로 256GB [LG U+],판매중단,https://cr.shopping.naver.com/adcr.nhn?x=R8AkkVZ%2BGfmaxwFPI%2BpS5P%2F%2F%2Fw%3D%3Ds2OZ8yPkqB2PEMxI18Rvus90XqIuRjYHucEOMUdsO7xphJz9H0Ub4KLvuVTVtNMxMOFSjMTLc8dcGgNdXgMPZRtoq3ZaM1LHcsdXH87aDvUchRKdpMBm6Gsber4Z%2BEx0DrXNnHViVAMzBi7CVtdRPH8i30QtKP1mA7BYZPpxeJLexWvZfe2todmJfmpbNrXnqiHryMIa0vOlFa0dwxiKn27ix7jXt7MNVc9AIu4EfDZlNEwRr%2B3STfYHGn%2FB5b3e4LEfToe3vVBSxIS%2BnQY0%2FBOODA%2FD2h1d5V2%2FYRjFMBtYQhkkHXK4%2FmSRy5icYE%2F27ZC%2BSXUxwyLUckntucAABtemIaBASiq1ogrpGHNi775A6JIeyjRJJG8AQSjlBThBK%2Fkpsg5AguUQPduruz0ll4U0XXTojhdLODzwtmoPUyrAiNvEAyH7XT6ObGe95mRdUsw%2FEBFoDxdMAZ4HSpGP%2F1pTaU0MQMI4zwIlxH90%2Fo7QOTnITeXUIiGAT3tHOc0GbTKo5CnlLrO%2BPacbML5XxEV%2BgztpQYuWc4Ac4ASNYU9WIDf9TYDOC4LzgCehLsur5t6RsB6ORPHXJex%2BMckmmqQ2CRJfikrCISe2ny%2FHH8OOFbDf4gHI5rSMJU1BWcIOg&nvMid=29030415586&catId=50000248
Apple 아이폰 13 프로 맥스 256GB [LG U+],판매중단,https://cr.shopping.naver.com/adcr.nhn?x=%2BK1DZuvm74qkSVMadufWtP%2F%2F%2Fw%3D%3DsPDkZj0VTMvEtPH7YFCgzgJa6H2clXCCTX0jf%2BuioCNxWQE1WikGGRjsm7ORTamZ7DO1u2pUK4TKOV%2Fc1erI48xy6AW19V7esyMpxLfxnqVIutENu4JgcpWJIhhsVbRz5Pp804RN%2BdXzVgFyqw1PdgkPg%2F6PYJW9LpCSumzPJoiiI9aZyW4hhCgmcrsQhWGWGXQj7EDi%2F5gx5578oQw9R0%2FKAXVfyDB1yTbVYYpYzcFnUHxlEatbmVq7jmztE%2FywsHmsgO3xTTuuOuD8DdaNP1xzzON9aTM%2Fdo2I2z9yt2AkHs%2F2PHkpmvWjL2qy1nHub3K9lCheiGmbuVrDwUpoYizxFEjs%2FVKvS4oiUVMqfl9dKjRp2D9pkBhcJdqPQCXkT728voueL%2B8yYcdVUdj5NURGEZAC%2BySYnqljm6AjDPvwLSv5SYzis5SVdiBAX6a8RKlG0H56J6GhRAoCVIyo%2FGe1iJjqSOPOSdnx5b1oBHB7pLKfV7lHXkGfYNhWiUOPtINRw1QNF%2FOPJXb5%2B358LYJpaGqEMvkHvtz%2BECFVdE8l8UohkGWaulgjx49BLgf1OHg8qX9Kw1y72newlJKhKb7eAzlZZEaOYftcUhjIC2XLke%2FVP%2BgM94BPZkP5YJ%2Bex&nvMid=29030190586&catId=50000248
Apple 아이폰 13 미니 512GB [LG U+],판매중단,https://cr.shopping.naver.com/adcr.nhn?x=YixpCya2gSVhxWEchtmwQf%2F%2F%2Fw%3D%3DsehgO61k7%2FHxJa%2F33oR22b%2F%2FnsauLYSRZeMH4E925ByZWQE1WikGGRjsm7ORTamZ7UnZJRPHXuNgCJjVLxuyyNxy6AW19V7esyMpxLfxnqVIutENu4JgcpWJIhhsVbRz5Pp804RN%2BdXzVgFyqw1PdgkPg%2F6PYJW9LpCSumzPJoiiI9aZyW4hhCgmcrsQhWGWGXCy5AzzvlVMr8iZpAmv1CfKAXVfyDB1yTbVYYpYzcFnUHxlEatbmVq7jmztE%2FywsHmsgO3xTTuuOuD8DdaNP1xzzON9aTM%2Fdo2I2z9yt2AkHs%2F2PHkpmvWjL2qy1nHubDtWK0pD7Z0Da5tmJYvtxE8irKE62ONPFtR0YVv6Kc2FKjRp2D9pkBhcJdqPQCXkTzAmNCrr%2BriilNNms7VBuf7N3ForIHl2mwu0euMOeTmMLSv5SYzis5SVdiBAX6a8Rg4OPtThFM2yPBsnrKnNGz%2F2I1Kx8mZ2%2Bn89h4ohejcqE4FQdvRmo7oxOSvwywmchf%2BtoNozs2%2FenuSPTlNUdDK%2FP%2FTtddZqojTPr4ZbFf9gSzxwVRNV%2FYRemZK5z1sCEj7wmoRWCpiDiuIiIOUo44cgHh4zss8G3gDhDTDOREikdHI8FZtQVGFZJxOyBDKc%2B&nvMid=29030419586&catId=50000248
Apple 아이폰 13 프로 맥스 128GB [LG U+],판매중단,https://cr.shopping.naver.com/adcr.nhn?x=F%2Bg%2BsI6mfdEBryBP7uUVW%2F%2F%2F%2Fw%3D%3DsKyupImBQcHSzsYLmoayU7w1qmYSnMO2uQPH9%2Bx9L11NWQE1WikGGRjsm7ORTamZ76iR3Nfpt92NTuhpZpx7NiBy6AW19V7esyMpxLfxnqVIutENu4JgcpWJIhhsVbRz5Pp804RN%2BdXzVgFyqw1PdgkPg%2F6PYJW9LpCSumzPJoiiI9aZyW4hhCgmcrsQhWGWGxThvsaGr%2Fa3dcgYtXiYoe%2FKAXVfyDB1yTbVYYpYzcFnUHxlEatbmVq7jmztE%2FywsHmsgO3xTTuuOuD8DdaNP1xzzON9aTM%2Fdo2I2z9yt2AkHs%2F2PHkpmvWjL2qy1nHubpx9dzz6cwTSYrOepXZZs%2Bb1P9V3cmg81e05zwRYe88tKjRp2D9pkBhcJdqPQCXkTTnUIgeH15izfpnv9piWPIQbIQr%2FSgPcL0kcRLxBd%2Fs0LSv5SYzis5SVdiBAX6a8RKlG0H56J6GhRAoCVIyo%2FGUAVJpqBLiiByEqDGwZ5AOPpLKfV7lHXkGfYNhWiUOPtINRw1QNF%2FOPJXb5%2B358LYLfqx%2BCrPVRveWoNE43sPd3vW2q1ZBpuV%2F%2FvtKUgTGHngdWpGrkSgUi8v%2BMDvadM4y2rtrVTb6SAuP7AZcY128THICEQpPL7Rm%2B2fyhjEhHR&nvMid=29030352586&catId=50000248
Apple 아이폰 13 256GB [LG U+],판매중단,https://cr.shopping.naver.com/adcr.nhn?x=7NocTB4SMmRlBNnCLwoRXP%2F%2F%2Fw%3D%3DsPM1Ph9b8pGh8FC8FRO%2FOgsKsDZEzig%2BoVu0MzFQgD2hhJz9H0Ub4KLvuVTVtNMxMGDt7pDC2kp1cNhZ261f1wNoq3ZaM1LHcsdXH87aDvUchRKdpMBm6Gsber4Z%2BEx0DrXNnHViVAMzBi7CVtdRPH8i30QtKP1mA7BYZPpxeJLexWvZfe2todmJfmpbNrXnqxxsm%2FS7PvYrIy2gc0Hbz67ix7jXt7MNVc9AIu4EfDZlNEwRr%2B3STfYHGn%2FB5b3e4LEfToe3vVBSxIS%2BnQY0%2FBOODA%2FD2h1d5V2%2FYRjFMBtYQhkkHXK4%2FmSRy5icYE%2F27BW36r4QZshREfg%2B3vq7RNnxbBZvjbBtXVjIa4q4VUG86JIeyjRJJG8AQSjlBThBK%2Fkpsg5AguUQPduruz0ll4Sovqt%2Fxp8GHPiARZ00A7PMiNvEAyH7XT6ObGe95mRdUsw%2FEBFoDxdMAZ4HSpGP%2F1sq7yU0cxS%2FkU7vQEWJm8b5cZ8pgTGru4bgUYhRhw82xrpubzBVnRhg%2FWClYySOLL4T7YxRmqQhFKU4rNE%2FGIx%2BP9ozmdV%2FWs5eTR9VTjChbJ5NRGjWaBs1D9JqEtjkkJm9TZjqEQTAbFzUBl8432wvhVEAf6wwM5tqtSh0bB5Hx&nvMid=29030189588&catId=50000248
Apple 아이폰 13 프로 512GB [LG U+],판매중단,https://cr.shopping.naver.com/adcr.nhn?x=AB38OkYxh7UWm45IUcuPKP%2F%2F%2Fw%3D%3Dso6556OcI%2B3%2FVapbzGq%2B1OsoRdqOR8vWClv0PJQRKLBRWQE1WikGGRjsm7ORTamZ79P0WALnYxQGiL7AX7Se%2FyBy6AW19V7esyMpxLfxnqVIutENu4JgcpWJIhhsVbRz5Pp804RN%2BdXzVgFyqw1PdgkPg%2F6PYJW9LpCSumzPJoiiI9aZyW4hhCgmcrsQhWGWGsM41xYZMvstYZslGG4yYf%2FKAXVfyDB1yTbVYYpYzcFnUHxlEatbmVq7jmztE%2FywsHmsgO3xTTuuOuD8DdaNP1xzzON9aTM%2Fdo2I2z9yt2AkHs%2F2PHkpmvWjL2qy1nHubsTEPD%2FNNwcng2XuCvQnDlY44RS6jsXKlJ1q%2BxXFIcp1KjRp2D9pkBhcJdqPQCXkTUBXGWV6kJNhRfjHBpO4tFm3%2ByOBtZ7Ayr9B2NwM7P%2FULSv5SYzis5SVdiBAX6a8RKlG0H56J6GhRAoCVIyo%2FGSUdzHH2%2BXbFxUIVQFNI%2BiWE4FQdvRmo7oxOSvwywmchadB3rUo7%2FI7Dw9Lc2iQjtynqdqYO4ZhmuTlfyt37Vc4RpOFzCbaM6OU97uoPifjrNNPxVwwBS99y2GYoOuEiwHXEZVhn9%2BaClHjz%2Fqez%2FwaCqA6%2BrrPkSkQjk3bFq%2FUy&nvMid=29030295586&catId=50000248
Apple 아이폰 13 512GB [LG U+],판매중단,https://cr.shopping.naver.com/adcr.nhn?x=LbhGNVgmj4aG%2F32ASm34X%2F%2F%2F%2Fw%3D%3Ds1aHxCzANDZK2NoSnEnp4TBeddPDX%2BffhqEiSGmmvRp9hJz9H0Ub4KLvuVTVtNMxM6MwK5WnyQ8wsNwXabBM47Noq3ZaM1LHcsdXH87aDvUchRKdpMBm6Gsber4Z%2BEx0DrXNnHViVAMzBi7CVtdRPH8i30QtKP1mA7BYZPpxeJLexWvZfe2todmJfmpbNrXnqJg934XoEkbAciqCMIan0C7ix7jXt7MNVc9AIu4EfDZlNEwRr%2B3STfYHGn%2FB5b3e4LEfToe3vVBSxIS%2BnQY0%2FBOODA%2FD2h1d5V2%2FYRjFMBtYQhkkHXK4%2FmSRy5icYE%2F27BW36r4QZshREfg%2B3vq7RNvkrQGzBnd1HElP8bSQiEsc6JIeyjRJJG8AQSjlBThBK%2Fkpsg5AguUQPduruz0ll4bOI6Hlvjpgb5uFfnKTUCswiNvEAyH7XT6ObGe95mRdUsw%2FEBFoDxdMAZ4HSpGP%2F1kFDHYnQii%2B1Jr2q%2F2imU85cZ8pgTGru4bgUYhRhw82x0slNiRCUihwCM4raCnU9XoHjoFkc99narlYq8a1QldqP9ozmdV%2FWs5eTR9VTjChby4kgCtjULGUsi9UVCeU9QW9TZjqEQTAbFzUBl8432wvhVEAf6wwM5tqtSh0bB5Hx&nvMid=29030296586&catId=50000248
Apple 아이폰 13 프로 맥스 512GB [LG U+],판매중단,https://cr.shopping.naver.com/adcr.nhn?x=l7XoY6nh%2FXRTx48XTD5RMf%2F%2F%2Fw%3D%3DsGSm6OsJWCglkpGJmo2iGAlm9IwPA47E6a5IEZUpBW%2BAbsBKbbjTB%2BBCjsLv6tz%2BjizW%2BBtaA4%2Bq4HLp35%2BXEM4jGfafRR3a6bXI9cwo1iAI2c0a3OBBJh%2FgYclMWFcg0A2go7ak52J%2FlzXR0Gh8R90gAn8lD2%2BxrgblrBqYwPdWug%2B9sjA7rHdeMLkY%2BwIMUeLonWMPrGi0RSJvZfvKEXzQZD6UDT51Dg8nNb9lI8fV%2BFLPJmN7kd5F0maTGsL0cuqm08Uyqeut8JjL0LPsrNTaSqNdQ1NN6K2cfJ7NkWomk6v2w9jBqMGR4TTsgYaQnlII%2ByYYqWVu3SSXxcjEJdFlb%2BpAquVz1Hyj8c2jCCR5qLzcRVswO%2FNXTrA15l4GNYd6P7bKnf6IN9iERvhRLC4OQLoEpvTfdM5fNMBChqQicPfwzF9ktWcxdrcTtO8KUh7eRXhvx%2B18MP%2FzLgC0qJVOBpL3kKBeNwNuOk45o3IVSFvmOnbZDuSNlZXHFOiPVuwP9L0j7YvHB2OKNn2rLcCRA%2F2kS0UrO%2B7gv%2Fd1IeRHFCW4MeBaG%2B3yQOXYO8hMm%2BgtF15PMkmjkNDmi88yMRTkwFyihrcD9b%2FYSI7gR9oVjtEEnHZo%2B%2FVuCJHvsmHjrDVCYCaeglF2rgr1u2OQIzQ%3D%3D&nvMid=29030181590&catId=50000248
Apple 아이폰 13 프로 맥스 1TB [LG U+],판매중단,https://cr.shopping.naver.com/adcr.nhn?x=ZaganrimYLLKGHB9WmcGn%2F%2F%2F%2Fw%3D%3Dsxiio%2BCxHinkoGryoZtH9XB3R5axszVw0I4zMHzJUqXFWQE1WikGGRjsm7ORTamZ7h0mC2jOsP5%2Fph%2FGtt%2BP7Qxy6AW19V7esyMpxLfxnqVIutENu4JgcpWJIhhsVbRz5Pp804RN%2BdXzVgFyqw1PdgkPg%2F6PYJW9LpCSumzPJoiiI9aZyW4hhCgmcrsQhWGWGdFf8cZ5fx6bhUbyduD1LEPKAXVfyDB1yTbVYYpYzcFnUHxlEatbmVq7jmztE%2FywsHmsgO3xTTuuOuD8DdaNP1xzzON9aTM%2Fdo2I2z9yt2AkHs%2F2PHkpmvWjL2qy1nHub4psCh%2BwSgZXg5lvCUV3RM9%2FQje5aSU1JTYtzl3LhlsZKjRp2D9pkBhcJdqPQCXkT728voueL%2B8yYcdVUdj5NUY6hdhZFKDQq7jkvhJjzq7gLSv5SYzis5SVdiBAX6a8RKlG0H56J6GhRAoCVIyo%2FGYbfiYx3dBtkHHcpo4O536QZyVXP8MBx51PcdtMFtsvBK2ud1b%2BfZwYPU0n%2BzLfOdabioOHlt%2FXD%2Bp3EcPYUR6ZPwCXFJiRdosf3os3K%2FWn18oyoJb8p7CTcPrW7QlEKZ6CiBqeRejSd50ui6lSArTbNjqh%2FZemCCOboDhnweAmG&nvMid=29030181587&catId=50000248
Apple 아이폰 13 프로 1TB [LG U+],판매중단,https://cr.shopping.naver.com/adcr.nhn?x=EKMwRjJAMA76fKOALcnh7%2F%2F%2F%2Fw%3D%3DsG0tk63yq9bs0qIepYSdH7DLCXOVWVClGgmcxY8rrNLEbsBKbbjTB%2BBCjsLv6tz%2BjKgCmZZvfVy6a0mifo5C2eHptkSzxwcgsmf7V2IrNm6w2c0a3OBBJh%2FgYclMWFcg0A2go7ak52J%2FlzXR0Gh8R90gAn8lD2%2BxrgblrBqYwPdWug%2B9sjA7rHdeMLkY%2BwIMUDGwE3QsWN9QrsglmPdQz5zQZD6UDT51Dg8nNb9lI8fV%2BFLPJmN7kd5F0maTGsL0cuqm08Uyqeut8JjL0LPsrNTaSqNdQ1NN6K2cfJ7NkWomk6v2w9jBqMGR4TTsgYaQnlII%2ByYYqWVu3SSXxcjEJdMxsBpaG938RW%2BQIUDnDi7pqLzcRVswO%2FNXTrA15l4GNYd6P7bKnf6IN9iERvhRLC9sUX76dSdo1OkbacppkZEWcPfwzF9ktWcxdrcTtO8KUh7eRXhvx%2B18MP%2FzLgC0qJW0RgKJvckmX%2B42Q7I%2ByApb5YbLlxragaaIQX6kJDBj8D6QkZjCZcMNTR4jeTmX45TBmstrp%2B6wPLysGmALkrdetqaMHAJkj0DAJXiYJNZCZYROooJ8YgjvK1ka1UfwlKTVai09BI3e7di9Uslx3WyRoaKZHilHbuauHUigNM5KA&nvMid=29030294586&catId=50000248
아이폰 13 미니 256GB 자급제 미개봉 새상품,판매중단,https://cr.shopping.naver.com/adcr.nhn?x=uZeKEGNlXhgjwLYpVqOxf%2F%2F%2F%2Fw%3D%3Ds2jDpDYRzA6E%2FClTPxsUxKbSu6zHNbsfqMNurV1MBRzJhJz9H0Ub4KLvuVTVtNMxMzUBYhJ9PY5ivP7Rby2cXGNoq3ZaM1LHcsdXH87aDvUchRKdpMBm6Gsber4Z%2BEx0D0bgwKFVUin51bBvW9FzRU%2B0JZ4vKXq2xVuFay0gNbwiO%2FsdgQE5FIA0Tw1QMogpFu4QUlnobsLIdcYN2hwfCQCuFn0HAyR5%2F7h3LPypVtD47G%2F3mPQ%2Bcc5kV6O8zgIZWq4pZA3hvtay1NdVGnhX93YrHsbeStsmJBfOvK7DA6ol6SB2BbywI6p50J%2BClGgyRPW0IjlLjZzHZq7f6s7IUswxuHr8vjNd4%2BuFGDp4U8hl%2BZgtHAeJlGO%2BzPCdDaHxy3XChkvCt7%2FRzot8LxdC85qDtgCH0R0PehP72MEL6pXRTiQ930cXM3c2xZmJRVSKmg6hVNyR8BOGhBgPqf182zYbD0lQ0LOc6bS2L%2FdkB%2BXgEwfIHTG54UX34gaxDKkBOKHK6p69d37BonLEvQv8Aky6CIOHlLyf7tFzQx427OB0feKj%2Bxi78UpXoj0frSjHL9X2GcNkyKPetOIV3tURqs%2BR79U%2F6Az3gE9mQ%2Flgn57E%3D&nvMid=30313661098&catId=50001519
Apple 아이폰 13 mini 자급제 128GB 핑크,판매중단,https://cr.shopping.naver.com/adcr.nhn?x=I2V3dqOmmjd4BsmtRPNQi%2F%2F%2F%2Fw%3D%3DssNDIcoLfJ2lmjn7xlUAi8C2Dsxu14tdPxXuL1nGpA9BhJz9H0Ub4KLvuVTVtNMxM3tIhwOQcMV%2BEwg1zX6iW%2Bdoq3ZaM1LHcsdXH87aDvUchRKdpMBm6Gsber4Z%2BEx0DrXNnHViVAMzBi7CVtdRPH23JzeXxkSdTecfUR4%2FvRQjd%2BKwjnmE8nmku4yNhWgwhmfLAARyRl0caaiEG3Q2bq3l3njUb1NGDJ1K332mMmYDQ%2BMQn9cirmRmZVqDKkTcUqqe08lTgUbivINHQrFwjt9ci8KTL%2BNmOPw%2BJRE9g%2FOSiublBLPqjBpyMr35wpQyw3BygI8AVjout8204Ml2AGhnUGz680XENhp9PJ%2BAW3DvBz7%2BORHa%2BX777%2F5U82WuFcr4hLl%2FToNsLUajxL9%2FkuHPY1dAVwvaocXCNmAdj1YOGpC%2FCZH%2BqVPSNC41s4%2BvCWnc6%2Fam9YqxKUW5A01eN4cGR4QGq8yX6AfBifjQWRu9BBbYLgF%2FlaAuPEUA1EI7L4AtxkNjpQgh29xxXw%2BbdkytMrHWRPJuaBmvQUxYBlCMKWvEaYVp2fsrXd06Iqv8F0zZNqdkHoDc4prBr0jboEkoF1AYUL8dwyZU3WOqVzf3Ckd2CpQ%2FahgJeoF%2FR72TuqUi7iiPJIbxDZxTtOFs7fTjfK5eF3TjLg%2F7hvFci1TpWhZ3SMHTcLlpircdRzUgq1JIslBmdxaTx7xO1%2BPPoWw%3D%3D&nvMid=29619937553&catId=50001519
애플 아이폰13 미니 128GB 자급제 미개봉 새상품,판매중단,https://cr.shopping.naver.com/adcr.nhn?x=jQMmDkr%2BSHZN7SKKwBVxX%2F%2F%2F%2Fw%3D%3DsUI21qypnQ8CAKEdrWFyW0sD2z4q3qhlpAs%2FuxATImEAbsBKbbjTB%2BBCjsLv6tz%2BjaCIWq1xmNvbdOnUdBlACn6nTK4TQtQtf2p%2FM4IlYdd82c0a3OBBJh%2FgYclMWFcg0A2go7ak52J%2FlzXR0Gh8R98mCS8YqD3IEJhWUPeYSnGEnxTl42dGCYBR9DMfmEMwEX6eKZoUI4xzsbC1v2G6RHm8s%2BUdgVVpZICqRk0TkijMGT9UvEDdm47suFI6v0%2Ffl536AAHD%2FaCjs0HXPjfSeOiiNMdu%2FDZwp%2Fv96WTM%2FWqDGsCEAaB0bUuA7guzNM7s60HYmp82wJwaoocG35Bwce%2BODA%2FD2h1d5V2%2FYRjFMBtYQhkkHXK4%2FmSRy5icYE%2F27BW36r4QZshREfg%2B3vq7RNkRStx8b%2FlYNGRsIv6TVUeqFSpe2oafqSnR5pirQESAHbF4OZVL2Q%2FcwuxYvViSThwd95CDA4JKKfcFRBvVIUrbAK%2BFEp2ob85bpvvxlv70gvGfyiCc%2F3gVgM7W2xE%2BECb0l4qy36XvO16nCAcISoeODqFU3JHwE4aEGA%2Bp%2FXzbNhsPSVDQs5zptLYv92QH5eKyX4h9iNnk8ngDXBA0unGBcW1JFrDcN1a9F0HDy%2FSKNwpHdgqUP2oYCXqBf0e9k7nzdUPzJEKma5%2FIY1LNdBRPbJ8QXo%2BjODu6JFK%2B6EMe5VoWd0jB03C5aYq3HUc1IKtSSLJQZncWk8e8Ttfjz6Fs%3D&nvMid=32439488144&catId=50001519
[대여] 아이폰렌탈 최신 iphone13 임대 - 30일,판매중단,https://cr.shopping.naver.com/adcr.nhn?x=I05M3872ShU7ZHKzvMmalv%2F%2F%2Fw%3D%3DsrJ09ULxgzgs99zFuIyJlwrvYmhLUlSO7Zg60fYn%2B2AZWQE1WikGGRjsm7ORTamZ7kA6V3JJ3fzSAc%2FI6cAzH7xy6AW19V7esyMpxLfxnqVIutENu4JgcpWJIhhsVbRz5Pp804RN%2BdXzVgFyqw1PdgruVw3GdaDAvxDSjC3cnt2Z%2F22ms%2BW8TiQQNz%2FOHMMFF3rdM6kOuCIGL7hF6AWin4oFR37lT2M7Q%2F%2BnpIL6iwSTDpmNu2Rs3tEPrV0ZTODsbWqyaFa2xLbpwGCJChqMDquId1Rc2oLD%2BhaFGesztF%2FBAAnPXPn6QF6qWt7cpLTZAK98KaIZa4VBE0V5wqYGSTpqtvsqofv92aIHMD1sZksGMHn7BDBNaqXNmoKbAeTMv%2BI7vL6huoqMPLz0nFxOQ2HMdZBIPUEo%2FodZ%2FZSfRirpDAv2zlZMTe20hJ3srJuY%2BfrlYF8fwaWOat3D1Mabg8DsTTkUvmY95w3mVsYd4xJDl8%2BWDgYTHpOCrnXkkaP96JyCs6mYcnzLMk3nrAuPflNW%2FjOFpGiKgBA9bflx%2BHwXZZi3hcd3nKBaH7XJH18QiWsl5%2Bg4luaQ7gEP1gxuYzQ1QmAmnoJRdq4K9btjkCM0%3D&nvMid=84117362445&catId=50001519
Apple 아이폰 13 자급제 미드나이트 128GB,판매중단,https://cr.shopping.naver.com/adcr.nhn?x=aIrIEDUN%2FYiFQ1gYWAEUoP%2F%2F%2Fw%3D%3Ds21HbIwqd70DAOOXk6Dfap025yEC3kCeNXyBoAJJeOb8bsBKbbjTB%2BBCjsLv6tz%2Bj7CEn1xoU2sqzxRx0SJvunUMpkudpLmykPbLN6cXbZfU2c0a3OBBJh%2FgYclMWFcg0A2go7ak52J%2FlzXR0Gh8R93ULJJH%2BMKqMyaVu%2BUeO3m60%2B85WmSKK5LY2dJjcChMGEH%2BAaYhDPzU3ewm5W9RQFa8jzAzm6%2BLDNivsMJ3Wnbbv5yNx4PUR%2BICdbLdIC77EfnuOsx82onobqih7MRLf9XZUy5nuy4jV2o0vPCL7%2FH60uZz%2FvLz1j30gcH7vHUZ1U5l3gozQfd0p57aqSNlUL3235APcPscKTsfLixw%2FVnpr6kdrp7BvT8OlwZ7P37YyZp%2FuhVWf5tMOyu5R2EADux7YC8CgHPXZt5MojR9uAnfMG0xAK9cFbztp9AIDgfdSbF4OZVL2Q%2FcwuxYvViSTh599brD2ysR3zHjHCuGrenLUl1Mb6CmDxR1AktcPJbKnQa3p7ESy0JwJDFgRmBC2zW%2BF6hYpBnip%2FCq0TpEqBr%2FLvQNuhXg2gSWYX6bbd6aKXZ76KJZClTaLoisbxYrSEAQRK3%2Fs6A0LOtti1y9kekjdagmHAdib2KCkIVrO7D3vhgL9sQPcYLlZAiSaaH3d7nw4lT1iMWOTXKDyxk2bU58BFzeKWIASYlAAFZ01gQ5%2BDhLBwu%2FFQS5xWYf5w6G3jQ%3D%3D&nvMid=29056433547&catId=50001519
Apple 아이폰 13 자급제 핑크 256GB,판매중단,https://cr.shopping.naver.com/adcr.nhn?x=fdW0UWCmrmr7dL6HlLosxP%2F%2F%2Fw%3D%3Dsqx5epTuFT%2FSrhU7qItge%2BOS%2BpXv5AFLDstuPeWk3ogVWQE1WikGGRjsm7ORTamZ7j2g6CrR7Ync8pH9Bc%2Fdrqhy6AW19V7esyMpxLfxnqVIutENu4JgcpWJIhhsVbRz5ZiT54JW5xIR1bN9oucSeWHzmYN%2Fcvl75AGnByk2TjWEm5OY6%2FBA05LWPXaqTF3xXnI3Q%2FuFm111yFJnQ1iq5B6N13Zjdmb96RUIYIswoTaji1ShxDj3lM6ehtxvMu3DzExOk0U6EhFckr7RG4jb7DtYUTWswlfAT44CnuoiBFRbE4gyrpHwtgWtEy5GoTLqkOTmlR5JEcI2WMzekFC7vTauKWQN4b7WstTXVRp4V%2Fd2Kx7G3krbJiQXzryuwwOqJ4vwSdZ7siwu2yKhvhI1Zy3rjq%2FZ5ifCxdUeuPHA8zkR%2FlLnJwMa7Bt8R2%2FUDqQrCwJ4bnxVAiWLKwefqr3SozDQGs%2BsYct5jGSY3hPPlJ2AhXHOOZMpJ80X5MRT9vzbWoZCzrTtPk%2FaPt9SkQ3hr6PtQdGKJUzGqAd9rIqoivLC5kp2i2MrlMGZvWbZdy%2BvH94IWn8uZJdSCcLGlCXdYTZpFxjmFXkicWCAfTwHRM5bZlVYLDEJpnI8cF6CMPSIW4jQhu9snOkUpteJ6bqD2B%2BoX4vewxfDNjJqtBwp6jTqFbDf4gHI5rSMJU1BWcIOg&nvMid=29064755783&catId=50001519
아이폰 Apple 아이폰13 미니 128GB 기기값 24만원,판매중단,https://cr.shopping.naver.com/adcr.nhn?x=pUbdBIyiFcl3y5BkHLlB9P%2F%2F%2Fw%3D%3DsbDb9K5KM2OQKI5tP1ulw%2F8uhqLfP6tIJVzFYkvuH7WsbsBKbbjTB%2BBCjsLv6tz%2BjB5r1d9T338hMVtfHHNlT90Crr0%2FMtBYQdMLE8Tm8xks2c0a3OBBJh%2FgYclMWFcg0IWeGFY6qyjfFLFfSLri%2Fwsm3HByBnqyoQudlQvAroBzp33dwRCAzI0IZ9nyD5tkE9Z0ohABIGWTnPESfCqaNS8r%2BOMsuOJy9Tea6ZrAhHuMFb2XGbnIJ8EgIlpkcEWfGVV3pn6Znl%2B9MAtsEE%2BZ8ouacYsA2T1ONC2M4R1%2F3Eb8tIwnWasJRjzCrBvAT6UP2G0c22Y%2FUvyJMf9YRjJFJxP9F%2FIBQQYa%2Bq5505OTatqyrNzBc5X%2Bx00jPtnU%2FNcT%2FSGvyA3Mo4deUUDeSDOc2k3%2F2f3u%2F4lsX4mEsCTXmoWs7xbbH7oY5TjiGNj4vbVuk32XM%2BpeKN%2BMekTZ9NJddQ7ca7yxnnmK8Z%2BH2XrkA9Nqx34InktBqlmO3wO8sEx4Lw6F3%2FSX7OR29A%2B2WhtN07S6CIOHlLyf7tFzQx427OB2gVF1tk9rob%2FfVax7oDXnZZB1u0j8kU58JH9bYRdiDpuR79U%2F6Az3gE9mQ%2Flgn57E%3D&nvMid=29860284145&catId=50001519
Apple 아이폰 13 자급제 블루 128GB,판매중단,https://cr.shopping.naver.com/adcr.nhn?x=6G%2BuGOWNF%2BU24I9r9r1tc%2F%2F%2F%2Fw%3D%3Ds6lyoNV1cq9wTARcvs5RExAjeur1%2FebnXXRRrRSuUHK9WQE1WikGGRjsm7ORTamZ7wRPmSxizc55RKVH10ym4VRy6AW19V7esyMpxLfxnqVIutENu4JgcpWJIhhsVbRz5ZiT54JW5xIR1bN9oucSeWHzmYN%2Fcvl75AGnByk2TjWEm5OY6%2FBA05LWPXaqTF3xXnI3Q%2FuFm111yFJnQ1iq5B6N13Zjdmb96RUIYIswoTaji1ShxDj3lM6ehtxvMu3DzQzp6WFGMY1P8mqtwW2hMLCS5yjjA6nkXqa2BwKlrFXJzCqEKVf8QaOX80XO1LbwdDs2kAnJfZb%2BjrOjBz5Ka2KuKWQN4b7WstTXVRp4V%2Fd2Kx7G3krbJiQXzryuwwOqJLp4Xj2%2FLKQgmX%2FXNW%2B3nZCUBKgidwzRYBC6nl%2Fs%2FFed%2FlLnJwMa7Bt8R2%2FUDqQrCgM4VQteQw4NqFVING1vVk9XWskCvt2v1woytrip1v0khXHOOZMpJ80X5MRT9vzbWoZCzrTtPk%2FaPt9SkQ3hr6NDSDoXFJ3zHcMQZC8ssrjC5kp2i2MrlMGZvWbZdy%2BvHJdLga9%2FKMKW7%2FBDqaModRUrfejZ6tVvtVvNC1tYqBuHZlVYLDEJpnI8cF6CMPSIWERcWg%2ByHG8Jeboob13lr3KekzCgN7x10KrfazxNwn4CFbDf4gHI5rSMJU1BWcIOg&nvMid=29619782067&catId=50001519
애플 아이폰13 Pro 5G 256GB 자급제 공기계 (옵션에서 색상 선택) -iPM,판매중단,https://cr.shopping.naver.com/adcr.nhn?x=hCwi5KXAqd9tZr3Hv%2Buhfv%2F%2F%2Fw%3D%3DsP07kopUx30mCSM3Ae5JNIdW%2BSCUCejemD8ZJjmAyu8gbsBKbbjTB%2BBCjsLv6tz%2BjyLwEKXOIip%2B8Xv3dtO%2F%2BYSScyQ7O3C0RCGIVKfWIqHo2c0a3OBBJh%2FgYclMWFcg0A2go7ak52J%2FlzXR0Gh8R94%2BIQytrVqltGB1T%2B2f6yx3boDMDs%2FItH9u7RHvoVPYgJO8fTAFEXpkHrtMxjsD9L0mjDcZ8wCp1ducKwpsRY%2FElHlS72IT9sX%2FyGbsGr%2BG4hrlGccERcvEzM8OWWrCDtxnUGz680XENhp9PJ%2BAW3DvBz7%2BORHa%2BX777%2F5U82WuFRDpykpOqWZgZqWcBmVwRDZaH%2BCkMF%2FrXvi3VjDcAzh%2BvGfcWCgHnl7rBsTIEcSdEc1Usj5XWtq%2Bp%2BG1SoWZmsVDIbolX2NVWykZe9NzInLMbdXmRHZqhTFYoeQZBW6FyBs3kHnG08tQ%2Bv%2Febt%2BlzzKPf0Z66FrzXq1PZ48rBHzlXgxt88q5gbbU0ilWDIJQlMjIk341DD1pXMjP1DVF%2FlD2%2FAZhI62rcBWERSrlNhfcL6nrfebnckJCqgqS%2F1UnIPZXNY0wucwghawD%2FKhhtZDSJHSIsqnnIaiSjJNR8V%2Fm943DGipSz2flxAvISei4naKl9oxZkyiEf5mmuXMvIFxXirJ6LYs8CqG3cuZIsY6oGruH08DlKshetxY8KUEZb&nvMid=32599159491&catId=50001519
해외아이폰 13 Pro ProMax 미국직구 정품 무음 카메라 관부가세 포함,판매중단,https://cr.shopping.naver.com/adcr.nhn?x=ulfdmpZeQ5lvifp18hvm%2B%2F%2F%2F%2Fw%3D%3Ds%2Fxg23Ov8ebJ2KNpc%2BAnLkwQpQolil8%2B94PWVtIlxEUhWQE1WikGGRjsm7ORTamZ7u6%2F2qzW%2BPJlx2%2BGHtRbENxy6AW19V7esyMpxLfxnqVIutENu4JgcpWJIhhsVbRz5Pp804RN%2BdXzVgFyqw1PdgruVw3GdaDAvxDSjC3cnt2Z%2F22ms%2BW8TiQQNz%2FOHMMFFu3KxZUZDXh9HZd3E%2FVgMa4FR37lT2M7Q%2F%2BnpIL6iwSTDpmNu2Rs3tEPrV0ZTODsbWqyaFa2xLbpwGCJChqMDqipJxIL7t5z4q84uVEDVf60ftNrokXOBOwuymNFE3hh%2FG1fUqIZ7CTqeNBeEUiuIjdV9WCRdWUZpK%2FUa6AihXLHN81WjUpxJVJrN5mDsz4Bpm%2FPgrz4%2BPWwYeL5LSx34H5f%2FYnDfo2HmnPctYx4pZTo6eTwz2QTUe73cOhkjwhrMoAYJ%2BXWI02%2BoVvu4%2BZpHZ9cOazPTTiq4DGvJkcVXCA3jeDWs5vPNEiQSwtyTYhWd10kDB6KuGLQgqHXBEU%2Bfb8TIYaVz88W%2FZxUn6lbQvXCGk5KGZ5azllvlilAs33234rMV9ZrrhLWbcgD6gmledvn0mQF6DJK5R9DCoCbipohXc50eBITwugSNPH3Ok09sVpGw61BSdoQRvEGgfFlc5w%3D%3D&nvMid=83251553577&catId=50001519
해외Apple Iphone13 아이폰13미니 자급제 홍콩 무음카메라 듀얼심,판매중단,https://cr.shopping.naver.com/adcr.nhn?x=Vn%2F7DnhyPYBnLaC%2Fit4JJf%2F%2F%2Fw%3D%3DsQMPpzYegGG%2F%2B9U5gpfmp9tSEvc3i%2BGNdzpmz0r0si6FhJz9H0Ub4KLvuVTVtNMxMw6stuldm2FFg7OBdG%2BwepNoq3ZaM1LHcsdXH87aDvUchRKdpMBm6Gsber4Z%2BEx0DrXNnHViVAMzBi7CVtdRPHzaSZny%2B1MgSfJG5ocTRQNj1rIvubP2%2F%2BNF2sTRY2hEVudwNbKHHcQUSem75InR7XFra7D61Bzh5pjdUXYuGB8tD4P%2Bj2CVvS6QkrpszyaIoCuwrUM2Vi5bq9fxYHuPhKRY%2F5xpEf0qPovz%2FKdvil6Uj4gOZxnxspzJS7hQZaqnk6nYt0P5vFdgOY0ddt5wMGaGmy98Ik0pM8tSX%2FwLf3sj8An0Vc1dR3reMkl17ghG3D%2BJ9Di5EB5w1pQDg20UMO3ZH4j4WOko7N9xm0TbFZnPpW0EVfF0nzQjhWaxr6jn9HjfqltkWDqLNUSI6AsRsi98gTo3%2BPjc1rw5Rx0KiyRGlkX647Zdjjw9%2Br5Mcvp%2Ba4yDI4eywO3kVzKE1WQarjcbGnaDGtTEArH3odxgksThW500%2BNG1JgoukpcCGH%2BCUEaXZDn2iMBQ2NIdeIxvPCry1fk%2FfrIFy%2Fsl%2Bli%2Bn1afHICEQpPL7Rm%2B2fyhjEhHR&nvMid=83441468798&catId=50001519
해외아이폰13 미니 128GB 레드 무음카메라 홍콩 언락폰 듀얼유심 페덱스 전세계 배송,판매중단,https://cr.shopping.naver.com/adcr.nhn?x=7lis5G98SeDqGWRLwvYCev%2F%2F%2Fw%3D%3Ds7MwGSB8VQgK9j4Ez6Uz7Rf74Rvu3zG0UjslmLmOGBu9hJz9H0Ub4KLvuVTVtNMxMPQxv8yftj%2BSWqW9vzbopydoq3ZaM1LHcsdXH87aDvUchRKdpMBm6Gsber4Z%2BEx0DrXNnHViVAMzBi7CVtdRPHzaSZny%2B1MgSfJG5ocTRQNj1rIvubP2%2F%2BNF2sTRY2hEVM09fKbJ50mKU%2B7NRPBEeJFra7D61Bzh5pjdUXYuGB8tD4P%2Bj2CVvS6QkrpszyaIoCuwrUM2Vi5bq9fxYHuPhKfwgEmxRDDnVlu5%2FeJQ68ImylLMLL5chaeO59Ilt%2B9rH2HvQrG1q57G6KIPveES%2FyN0Zyg8AP15W8mozeOKFh614Qd2gqAixatJQcyXmN0lo9BClOLOv0d5OQUPDuAtJdotZGX6DCWO5SBV28%2FjbpdBvqJBE6HGeHaN7RXWkN%2BtungvE2jX%2Fyrjey%2BUkfma4BzWD6REzas%2F3ael0yebt4rGUrLM0sdWXAYVEhuKq7Jb0K1CY7jCqbzbTDS4ZsA5dHtV3Ka1cYbniKBxKQ%2BYFUkVKI0TYIUptVSAf9sSNyNzUD%2B1GzYyCQAVsDO6ulMSbllGjrCiRISuYv0ppiWkLu0uR1CzzRixn63DIUlntzQgZmr4vA3%2FVNaXSQXMba3Pepg4SwcLvxUEucVmH%2BcOht40%3D&nvMid=83409625439&catId=50001519
